Catalog#,Artist,Title,Label,Format,Rating,Released,release_id,CollectionFolder,Date Added,Collection Notes
SPIN 101,Tomb Mold,Manor Of Infinite Forms,20 Buck Spin,"Cass, Album, RE",,2021,18903883,Uncategorized,2022-02-12 19:20:35,
SPIN 150,Dream Unending,Tide Turns Eternal,20 Buck Spin,"Cass, Album",,2021,21172816,Uncategorized,2021-11-30 07:55:46,
SPIN113,Cerebral Rot,Odious Descent Into Decay,20 Buck Spin,"Cass, Album, Tra",,2019,22013452,Uncategorized,2022-03-27 07:14:43,
SPIN114,Tomb Mold,Planetary Clairvoyance,20 Buck Spin,"Cass, Album",,2019,13908297,Uncategorized,2021-11-13 13:59:54,
SPIN134,Vatican Shadow,Persian Pillars Of The Gasoline Era,20 Buck Spin,"Cass, Album",,2020,15982478,Uncategorized,2021-11-13 14:20:34,
Spin135,Atramentus,Stygian,20 Buck Spin,"Cass, Album",,2020,15774120,Uncategorized,2021-11-13 14:03:11,
SPIN139,Worm (23),Foreverglade ,20 Buck Spin,"Cass, Album, Pur",,2021,20681413,Uncategorized,2021-11-13 14:23:16,
SPIN158,Hulder,Godslastering: Hymns Of A Forlorn Peasantry,20 Buck Spin,"Cass, Album",,2022,23128463,Uncategorized,2022-07-02 13:57:13,
SPIN162,Hulder,Ascending The Raven Stone,20 Buck Spin,"Cass, RP",,2022,22937387,Uncategorized,2022-07-02 13:57:29,
SPIN166,Worm (23),Bluenothing,20 Buck Spin,"Cass, MiniAlbum",,2022,25060825,Uncategorized,2022-11-08 19:48:35,
25D 014,Pallex,Pallex,25 Diamonds,"Cass, EP, Num",,2014,6355382,Uncategorized,2015-07-07 19:21:10,41/77
none,Vangelis,Blade Runner (Music From The Original Soundtrack),Anvil Of Crom Productions,"Cass, Album, Unofficial, Red",,2022,24219605,Uncategorized,2022-09-06 17:32:11,
none,Hans Zimmer & Benjamin Wallfisch,Blade Runner 2049 (Original Motion Picture Soundtrack),Anvil Of Crom Productions,"Cass, Album, Unofficial, Ora",,2022,24219518,Uncategorized,2022-09-06 17:32:36,
ARS01T,Blurring Agent,Blurring Agent,Art Rock Sucks,"Cass, EP",,2016,8761647,Uncategorized,2016-07-11 01:51:21,
ASS21,Oaks (5),Oaks,ASS Records (2),"Cass, EP",,2011,7317728,Uncategorized,2015-09-04 19:25:36,
CS 36-147 ,Peter Gabriel,Peter Gabriel,ATCO Records,"Cass, Album, RE, Sev",,0,12606489,Uncategorized,2022-10-25 19:15:54,
82667-4,Yes,Fragile,Atlantic,"Cass, Album, RE, RM, Gat",,1994,4536095,Uncategorized,2022-10-24 13:53:29,
CS-19277,Genesis,Selling England By The Pound,Atlantic,"Cass, Album, RE, On ",,1973,14382960,Uncategorized,2022-10-24 13:53:33,
AMAC013,Aphotic Spectre,Væneration,Audio Miasma,"Cass, Album",,2021,24800252,Uncategorized,2022-10-12 06:43:02,
BOBV089MC,Burzum,Filosofem,Back On Black,"Cass, Album, RE",,2022,22523288,Uncategorized,2022-09-13 14:28:22,
BOBV1034MC,Strapping Young Lad,City,Back On Black,"Cass, Album, RE, Bla",,2022,25091878,Uncategorized,2022-11-16 06:45:43,
BEGC 75,The Fall,Bend Sinister,Beggars Banquet,"Cass, Album, Whi",,1986,1740444,Uncategorized,2022-10-03 14:46:42,
CAL-105,Succumb (5),Succumb,Caligari Records,"Cass, Album",,2021,20913229,Uncategorized,2021-11-13 14:11:47,
CAL-106,Succumb (5),XXI,Caligari Records,"Cass, Album",,2021,20913493,Uncategorized,2021-11-13 14:12:30,
4X2W-12441,Iron Maiden,Live After Death,Capitol Records,"Cass, Album",,0,7665300,Uncategorized,2022-09-08 14:31:01,
C4-91040,Skinny Puppy,VIVIsectVI,Capitol Records,"Cass, Album, Dol",,1988,788638,Uncategorized,2021-11-13 14:28:33,
C4-94683,Skinny Puppy,Too Dark Park,Capitol Records,"Cass, Album, Dol",,1990,6095457,Uncategorized,2015-08-22 17:22:33,
NTLC-30011,Skinny Puppy,Cleanse Fold And Manipulate,Capitol Records,"Cass, Album",,1987,4461358,Uncategorized,2022-04-11 19:11:44,
"4XT-12545, 4XT 12545",Skinny Puppy,Mind: The Perpetual Intercourse,"Capitol Records, Capitol Records","Cass, Album",,1986,904557,Uncategorized,2022-04-21 14:07:55,
"C4 93007, C4-93007",Skinny Puppy,Rabies,"Capitol Records, Nettwerk","Cass, Album, 100",,1989,340947,Uncategorized,2015-09-15 18:03:59,
C4-98037,Skinny Puppy,Last Rights,"Capitol Records, Nettwerk","Cass, Album, Dol",,1992,790886,Uncategorized,2015-09-06 03:34:20,
SAUNA22,Caterina Barbieri (2),Vertical,Cassauna,"Cass, Album, RP",,2021,19360759,Uncategorized,2022-04-21 14:07:55,
CATA008,Papangu (2),Holoceno,Catamaran Discos,"Cass, Album",,2021,24774320,Uncategorized,2022-10-09 16:54:13,
CMD9985197,Napalm Death,Apex Predator - Easy Meat,Century Media,"Cass, Album, Ltd, Red",,2015,6563340,Uncategorized,2022-09-08 14:57:40,
none,Frozen Soul,Crypt Of Ice,Century Media,"Cass, Album, Blu",,2021,18966886,Uncategorized,2021-11-13 14:27:13,
"19439818591, DAZE069",Sanguisugabogg,Tortured Whole,"Century Media, Daze (4)","Cass, Album, Ltd, Smo",,2021,19176631,Uncategorized,2021-11-13 14:12:58,
COTN-024,Xasthur,Xasthur ,Children Of The Night (2),"Cass, EP, Ltd, RE",,2016,8863078,Uncategorized,2022-08-29 15:23:00,
CRUS-101,Brighter Death Now,All Too Bad - Bad To All,Cloister Recordings,"Cass, Album",,2022,22895159,Uncategorized,2022-09-06 17:35:29,
848 594-4,The Fall,Shift-Work,Cog Sinister,"Cass, Album",,1991,590644,Uncategorized,2022-10-03 14:46:55,
COG 1C,The Fall,In: Palace Of Swords Reversed,Cog Sinister,"Cass, Comp",,1987,10023519,Uncategorized,2021-12-22 15:59:03,
4XT-12526,Megadeth,Peace Sells... But Who's Buying?,"Combat, Capitol Records","Cass, Album, XDR",,1986,4436341,Uncategorized,2022-09-19 12:23:03,
DDR157CS,Blood Incantation,Starspawn,Dark Descent Records,"Cass, Album, RE",,2021,17811427,Uncategorized,2021-11-13 14:05:21,
DDR268CS,Malignant Altar,Realms Of Exquisite Morbidity ,Dark Descent Records,"Cass, Album, Gol",,2021,21339076,Uncategorized,2022-07-02 13:52:37,
DSR 098,Kvist,For Kunsten Maa Vi Evig Vike,Darkness Shall Rise Productions,"Cass, Album, Ltd, RE",,2020,15821989,Uncategorized,2022-10-24 13:53:23,
DSR80,Beherit,Drawing Down The Moon,Darkness Shall Rise Productions,"Cass, Album, Ltd, RE",,2020,15418451,Uncategorized,2022-09-06 17:18:57,
none,Cromlech (15),Questionable Strategies,Deathbed Tapes,"Cass, Album",,2022,23699984,Uncategorized,2022-08-10 14:31:19,
9 26748-4,Slayer,Decade Of Aggression Live,Def American Recordings,"2xCass, Album",,1991,14089476,Uncategorized,2022-09-13 14:28:16,
WIGMC341,Julia Holter,Have You In My Wilderness,Domino,"Cass, Album",,2016,8195161,Uncategorized,2016-03-02 13:13:27,
DR69,Striborg,Spiritual Catharsis,Dread Records (3),"Cass, Album, Ltd",,2019,14272825,Uncategorized,2022-09-13 14:28:36,
DR93,Xasthur,The Funeral of Being,Dread Records (3),"Cass, Album, Ltd, RE",,2021,17982463,Uncategorized,2022-09-06 17:17:56,
ICPROCT-0907,Various,Earache Compilation,Earache,"Cass, Comp, Promo",,1990,4448104,Uncategorized,2022-07-16 14:44:21,
MOSH 137 CS,Pitchshifter,Infotainment?,Earache,"Cass, Album, Cle",,1996,909768,Uncategorized,2022-04-21 14:07:55,
MOSH 15 MC,Godflesh,Streetcleaner,Earache,"Cass, Album, RE",,1994,1498233,Uncategorized,2015-08-13 19:24:10,
MOSH 157,Godflesh,Songs Of Love And Hate,Earache,"Cass, Album",,1996,4595163,Uncategorized,2022-09-08 14:57:50,
MOSH 160,Carcass,Swansong,Earache,"Cass, Album",,1995,5291456,Uncategorized,2022-09-08 14:57:57,
MOSH 66,Pitchshifter,Submit,Earache,"Cass, EP, RE, Cle",,1995,909767,Uncategorized,2022-04-21 14:07:55,
MOSH 75 MC,Pitchshifter,Desensitized,Earache,"Cass, Album, Cle",,1993,909766,Uncategorized,2022-04-21 14:07:55,
ECS101,Diver Dress,Live Forever,Ecstattic Studio,"Cass, Album",,2016,8586185,Uncategorized,2016-05-29 22:38:07,
none,DIIE,UFOs Satanic Terror,Ecstattic Studio,"Cass, EP",,2016,8524758,Uncategorized,2016-05-15 21:28:22,
9 61094-4,Throbbing Gristle,D.o.A. The Third And Final Report,Elektra,"Cass, Album",,1991,1754009,Uncategorized,2022-04-21 14:06:07,
"9 60812-4, 60812-4",Metallica,...And Justice For All,"Elektra, Elektra","Cass, Album, SR",,1994,13077745,Uncategorized,2022-09-19 12:22:58,
E4-92806,Queensrÿche,Empire,EMI USA,"Cass, Album",,1990,13088277,Uncategorized,2022-09-13 14:29:47,
ET 46998,Front 242,Tyranny >For You<,Epic,"Cass, Album",,1991,3115393,Uncategorized,2022-03-29 18:23:52,
"ET 53433, ET53433, 53433",Front 242,06:21:03:11 Up Evil,"Epic, Epic, Epic","Cass, Album",,1993,1224583,Uncategorized,2022-02-01 04:58:03,
504061.4,Incubus (2),Morning View,"Epic, Immortal Records (3)","Cass, Album",,2001,3564263,Uncategorized,2022-10-03 14:46:32,
EPC 495040 4,Incubus (2),Make Yourself,"Epic, Immortal Records (3)","Cass, Album",,1999,3564237,Uncategorized,2022-10-03 14:46:38,
"FM001, CT-181",Saâda Bonaire,Saâda Bonaire,"Fantasy Memory, Captured Tracks","Cass, Comp",,2013,6005855,Uncategorized,2022-04-05 15:53:36,
none,Mutilatred, Determined To Rot,Fix My Face Records,"Cass, Album, Ltd, Red",,2022,23413652,Uncategorized,2022-08-12 19:09:11,
FR127,Scarcity (4),Aveilut,Flenser Records,"Cass, Album",,2022,24107861,Uncategorized,2022-08-05 04:49:20,
FR129,Chat Pile,God's Country,Flenser Records,"Cass, Album, Bab",,2022,24107819,Uncategorized,2022-08-05 04:41:17,
FR42,Have A Nice Life,Deathconsciousness,Flenser Records,"Cass, Album, RE",,2021,21134524,Uncategorized,2022-07-06 14:38:47,
"FR56, FR44, FR75",Planning For Burial,First Three,"Flenser Records, Flenser Records, Flenser Records","Box, Comp + 3xCass, Album",,2021,18713989,Uncategorized,2022-07-06 14:39:43,
FL232-2MC,Cannibal Corpse,Worm Infested,Floga Records,"Cass, EP, Ltd, RE",,2019,16285006,Uncategorized,2022-09-06 17:07:06,
FSR011,Heccra,White Eagle,Funeral Sounds,"Cass, Album, Ltd, Num, Gre",,2014,7757114,Uncategorized,2016-07-06 00:38:42,
GEFC-24456,Nitzer Ebb,Ebbhead,Geffen Records,"Cass, Album",,1991,3104165,Uncategorized,2022-03-29 18:23:52,
HAUSMO 118,Prolaps,Ultra Cycle Pt. 3: Autumnal Age,Hausu Mountain,"Cass, Album, C12",,2021,20321641,Uncategorized,2021-11-13 14:03:39,
HAUSMO 127,M. Geddes Gengras,"Expressed, I Noticed Silence",Hausu Mountain,"Cass, Album, C38",,2022,23894756,Uncategorized,2022-08-24 14:46:57,
HSR240,Worm (23),Gloomlord,Headsplit Records,"Cass, Album",,2020,15913988,Uncategorized,2021-11-13 14:04:22,
HH666-231-5,Prurient,Time's Arrow,Hydra Head Records,"Cass, EP",,2011,3214671,Uncategorized,2016-10-30 21:45:36,
SFLPC 1,The Fall,Live At The Witch Trials,I.R.S. Records,"Cass, Album",,1989,7323802,Uncategorized,2022-10-03 14:47:50,
7 92250-4,Cop Shoot Cop,Ask Questions Later,Interscope Records,"Cass, Album",,1993,3611549,Uncategorized,2022-04-12 15:06:51,
"92346-4, 7 92346-4",Nine Inch Nails,The Downward Spiral,"Interscope Records, Interscope Records, Nothing Records, Nothing Records, TVT Records, TVT Records","Cass, Album, SR,",,1994,533376,Uncategorized,2015-08-09 18:21:27,
CSINV 028,Pigface,Notes From Thee Underground,Invisible,"Cass, Album",,1994,1289348,Uncategorized,2022-07-16 14:44:21,
INV 009,Pigface,Gub,Invisible,"Cass, Album",,1990,570706,Uncategorized,2015-09-06 03:34:20,
ISLC-1044,Shriekback,Oil And Gold,Island Records,"Cass, Album, Dol",,1985,7036566,Uncategorized,2022-04-11 19:11:43,
CSKT-002,Doldrum (2),"The Knocking, Or The Story Of The Sound That Preceded Their Disappearance",Katafalque,"Cass, Album",,2022,24437369,Uncategorized,2022-09-06 19:02:09,
LVR02222,HEALTH (2),Death Magic,Loma Vista,"Cass, Album, Ltd, RE, Bla",,2021,20111173,Uncategorized,2021-11-13 14:22:51,
MKC 1800,"Igor Stravinsky, Sir Eugene Goossens, The London Symphony Orchestra",The Rite Of Spring,Madacy,"Cass, Album",,0,12237586,Uncategorized,2022-04-12 15:06:51,
MAG48,Undeath,Lesions Of A Different Kind,Maggot Stomp,Cass,,2020,16114290,Uncategorized,2021-11-13 14:01:43,
MAG49,200 Stab Wounds,Piles of Festering Decomposition,Maggot Stomp,"Cass, EP, RE",,2021,20604877,Uncategorized,2021-11-30 07:49:54,
MAG58,Unurnment,Self-Immolation Suite,Maggot Stomp,Cass,,2020,16114449,Uncategorized,2021-11-13 14:00:42,
MAG62,Inoculation (3),Celestial Putridity,Maggot Stomp,"Cass, Album",,2021,18230044,Uncategorized,2022-07-13 19:54:37,
MAG72,200 Stab Wounds,Slave To The Scalpel,Maggot Stomp,"Cass, Bla",,2021,20869096,Uncategorized,2021-11-30 07:50:07,
MAG77,Needlepusher,Abyssal Internment,Maggot Stomp,Cass,,2021,21459172,Uncategorized,2022-01-23 13:22:53,
MAG83,Tribal Gaze,Godless Voyage,Maggot Stomp,"Cass, EP, RM",,2022,23120552,Uncategorized,2022-07-13 19:14:41,
MAG85,Fulci (2),Tropical Sun,Maggot Stomp,"Cass, Album",,2022,23915969,Uncategorized,2022-07-17 12:59:16,
MAG86,Fulci (2),Exhumed Information,Maggot Stomp,"Cass, Album, RE",,2022,23888240,Uncategorized,2022-07-17 12:55:34,
3984-14037-4,Cannibal Corpse,The Bleeding,Metal Blade Records,"Cass, Unc",,1994,20560021,Uncategorized,2021-11-13 14:22:00,
MG116,Grand Veymont,Persistance Et Changement,Moon Glyph,Cass,,2021,19455484,Uncategorized,2021-11-13 14:34:03,
MG87,Grand Veymont,Grand Veymont,Moon Glyph,"Cass, Ltd",,2021,19455676,Uncategorized,2021-11-13 14:34:07,
MG97,Grand Veymont,Route Du Vertige,Moon Glyph,"Cass, Ltd",,2021,19455589,Uncategorized,2021-11-13 14:34:01,
MWR - 143,Crusader No Remorse,Crusader No Remorse,Moonworshipper Records,"Cass, Ltd, C20",,2022,24252218,Uncategorized,2022-09-13 11:13:15,
040,Flavor Crystals,The Shiver Of The Flavor Crystals,MPLS Ltd,"Cass, Album, Sil",,2015,8426132,Uncategorized,2016-04-23 00:40:18,
9 61079-4,Wire,Document And Eyewitness,"Mute, Elektra Entertainment","Cass, Album",,1991,2917886,Uncategorized,2022-01-23 13:22:29,
"9 61001-4, 61001-4",Throbbing Gristle,Throbbing Gristle's Greatest Hits (Entertainment Through Pain),"Mute, Mute","Cass, Comp, RM, SR,",,1990,668243,Uncategorized,2022-04-14 16:04:04,
"9 61093-4, 61093-4",Throbbing Gristle,The Second Annual Report,"Mute, Mute","Cass, Album, P/Mixed, RE",,1991,328394,Uncategorized,2022-04-24 16:38:05,
NTC 30007,Various,Nettwerk Sound Sampler (Food For Thought),Nettwerk,"Cass, Comp",,1987,1001534,Uncategorized,2021-11-13 13:58:05,
NTLC 30025,Various,Nettwerk Sound Sampler Volume Two - A Food For Thought,Nettwerk,"Cass, Comp, Smplr",,1988,1055198,Uncategorized,2021-11-13 13:58:28,
W4-30035,Severed Heads,Rotund For Success,Nettwerk,"Cass, Album, Dol",,1989,1004772,Uncategorized,2022-04-11 19:11:43,
W4 30026,Chris & Cosey,Trust,"Nettwerk, Capitol Records","Cass, Album, Dol",,1989,1201786,Uncategorized,2022-04-07 19:33:35,
NNA015,Julia Holter,Live Recordings,NNA Tapes,"Cass, C54",,2010,2646887,Uncategorized,2022-04-15 16:02:03,
NNA031,Laurel Halo,Antenna,NNA Tapes,"Cass, Ltd, C30",,2011,2920407,Uncategorized,2022-04-15 16:02:03,
NNA137,Sally Decker,In The Tender Dream,NNA Tapes,"Cass, Album, Ltd",,2021,19861813,Uncategorized,2021-11-13 14:14:09,
NP-005,Teenage Moods,Rosebuds,No Problem Records (2),"Cass, EP, Ltd",,2014,6249904,Uncategorized,2016-06-15 13:27:06,
NP-014,The Cult Of Lip,The Cult Of Lip,No Problem Records (2),"Cass, EP, Ltd, Red",,2015,7935523,Uncategorized,2016-04-22 06:43:46,
NP-017,Pale Spectre,Principles & Faculties,No Problem Records (2),"Cass, Album",,2016,8439532,Uncategorized,2016-04-26 00:25:04,
NI-003,Falling (4),Out Of Sight,Northern Isolation,"Cass, Album",,2016,8761627,Uncategorized,2016-07-11 01:40:15,
none,Ahab (4),The Call Of The Wretched Sea,Not On Label,"Cass, Album, Ltd, RE, Sli",,2021,19196407,Uncategorized,2021-11-13 14:15:01,
none,A Place To Bury Strangers,A Place To Bury Strangers,Not On Label (A Place To Bury Strangers Self-released),"Cass, Album, pur",,2008,6942588,Uncategorized,2016-06-06 02:11:54,
none,Brilliant Beast (3),Dissolve,Not On Label (Brilliant Beast Self-released),"Cass, Album",,2015,8529265,Uncategorized,2016-05-16 20:54:17,
none,Darkthrone,Transilvanian Hunger,Not On Label (Darkthrone),"Cass, Album, Unofficial",,2021,18548860,Uncategorized,2022-09-13 14:30:01,
none,Ego Death (3),Ego Death,Not On Label (Ego Death (3) Self-released),"Cass, Album",,2015,7358987,Uncategorized,2015-08-17 04:04:31,
none,Good Doom,Naps,Not On Label (Good Doom Self-released),"Cass, EP, Ltd",,2016,8015315,Uncategorized,2016-05-09 04:04:15,
none,Good Doom,Hug,Not On Label (Good Doom Self-released),"Cass, EP, Ltd",,2016,8524703,Uncategorized,2016-05-15 21:08:22,
none,Hayley And The Crushers,Gidget's Revenge,Not On Label (Hayley And The Crushers Self-released),"Cass, EP, Blu",,2016,8589943,Uncategorized,2016-05-30 19:28:05,
none,Hollow Boys,Believe In Nothing,Not On Label (Hollow Boys Self-released),"Cass, Album",,2014,8524635,Uncategorized,2016-05-15 20:57:36,
none,Hollow Boys,A New Star,Not On Label (Hollow Boys Self-released),"Cass, Album",,2016,8524670,Uncategorized,2016-05-15 21:02:10,
none,Machine Girl (2),U-Void Synthesizer,Not On Label (Machine Girl (2) Self-released),"Cass, Album",,2020,15705072,Uncategorized,2021-12-27 18:43:07,
none,Marbelle (2),Marbelle,Not On Label (Marbelle Self-released),"Cass, Album",,2014,8761674,Uncategorized,2016-07-11 02:07:48,
none,Nganga (3),De Muerte,Not On Label (Nganga Self-released),"Cass, EP, dem",,2022,24795593,Uncategorized,2022-10-11 18:54:04,7/25
none,Special Interest (2),The Passion Of,Not On Label (Special Interest (2) Self-released),Cass,,2020,20969170,Uncategorized,2021-11-13 14:33:18,
none,Strange Relations (2),-CENTRISM,Not On Label (Strange Relations Self-released),"Cass, Album",,2015,7358903,Uncategorized,2015-08-16 16:44:20,
none,Tomb Mold,Aperture Of Body,Not On Label (Tomb Mold Self-released),"Cass, EP",,2022,23531549,Uncategorized,2022-07-11 10:30:12,
none,Waveless,WAVELESS,Not On Label (Waveless Self-released),"Cass, EP",,2014,8439280,Uncategorized,2016-04-25 22:24:27,
none,Well (9),Here Comes The Black Cloud,Not On Label (Well (9) Self-released),"Cass, Album, Cam",,2015,8417173,Uncategorized,2016-04-20 21:33:03,
0602498822241,Nine Inch Nails,With Teeth,"Nothing Records, Interscope Records","Cass, Album",,2005,5999819,Uncategorized,2022-04-18 15:34:17,
0694904734,Nine Inch Nails,The Fragile,"Nothing Records, Interscope Records","2xCass, Album",,1999,3137705,Uncategorized,2022-04-18 15:31:46,
490 473-4,Nine Inch Nails,The Fragile,"Nothing Records, Interscope Records","2xCass, Album",,1999,4708555,Uncategorized,2015-07-17 18:48:39,
"7 92213-4, 92213-4",Nine Inch Nails,Broken,"Nothing Records, TVT Records, Interscope Records, Nothing Records, TVT Records, Interscope Records","Cass, EP, Dol",,1992,116577,Uncategorized,2015-08-09 18:17:06,
6143-4,Suffocation,Live In North America,Nuclear Blast,"Cass, Album",,2021,21214219,Uncategorized,2022-01-23 13:23:16,
ANTI-GOTH 380,Lurker Of Chalice,Lurker Of Chalice,Nuclear War Now! Productions,Cass,,2020,15401243,Uncategorized,2022-09-07 15:45:55,
ANTI-GOTH 477,Lurker Of Chalice,Tellurian Slaked Furnace,Nuclear War Now! Productions,Cass,,2020,15484694,Uncategorized,2022-09-08 14:57:04,
"ANTI-GOTH 069, COMMAND 008",Blasphemy (2),Fallen Angel Of Doom,"Nuclear War Now! Productions, Ross Bay Cult","Cass, Album, RE, Bla",,2020,18899329,Uncategorized,2022-09-19 12:25:28,
NWR079,Phrenelith,Chimaera,Nuclear Winter Records,"Cass, Album",,2021,21334192,Uncategorized,2022-01-23 13:23:46,
NUM1286,Duster (2),Stratosphere,Numero Group,"Cass, Album",,2022,22187848,Uncategorized,2022-04-04 14:12:51,
NUM1287,Duster (2),Contemporary Movement,Numero Group,"Cass, Album",,2022,22188010,Uncategorized,2022-07-06 14:37:48,
NUM301,Duster (2),Together,Numero Group,"Cass, Album",,2022,24332384,Uncategorized,2022-08-27 21:10:45,
NUM302,Duster (2),Duster,Numero Group,"Cass, Album",,2022,24931328,Uncategorized,2022-10-28 18:35:37,
none,Mayhem,Live In Leipzig,Obscure Plasma Records,"Cass, Album, Unofficial, Pur",,2020,15774921,Uncategorized,2022-09-13 14:30:05,
OPAL009,1991 (2),"Skogen, Flickan Och Flaskan",Opal Tapes,"Cass, C40",,2012,4016929,Uncategorized,2022-03-29 18:23:13,
Mirror & Gate Vol. II,"Rolling Acres, Hobo Cubes",Mirror & Gate Vol. II,"Opal Tapes, Blowing Up The Workshop","Cass, Album",,2013,4392202,Uncategorized,2015-07-05 22:23:30,
WAXCS 025,Various,Animal Liberation,"PETA, Wax Trax! Records","Cass, Comp",,1987,7258366,Uncategorized,2022-09-13 14:28:29,
842 565-4,The Fall,Extricate,Polygram,"Cass, Album",,1990,4566962,Uncategorized,2022-10-03 14:47:43,
PRC-9493,Cap'n Jazz,"Burritos, Inspiration Point, Fork Balloon Sports, Cards In The Spokes, Automatic Biographies, Kites, Kung Fu, Trophies, Banana Peels We've Slipped On, And Egg Shells We've Tippy Toed Over",Polyvinyl Record Company,"Cass, Album, RE",,2018,12874653,Uncategorized,2021-11-13 13:58:54,
Posh Isolation 220,Croatian Amor,Isa,Posh Isolation,"Cass, Album",,2019,23764313,Uncategorized,2022-07-02 13:47:06,
Posh Isolation 270,Croatian Amor,Remember Rainbow Bridge,Posh Isolation,"Cass, Album, Ltd",,2022,23110697,Uncategorized,2022-06-20 15:46:20,
PFL-263CS,Mortiferum,Preserved In Torment,Profound Lore Records,"Cass, Album",,2021,20970283,Uncategorized,2021-11-17 18:58:08,
PFL-284,Leviathan (5),Shadow Of No Light,Profound Lore Records,"Box, Comp + 8xCass, RM + Ltd",,2022,24208334,Uncategorized,2022-08-26 08:29:32,
PROS195074,Undeath,It's Time...To Rise From The Grave,Prosthetic Records,"Cass, Album, Gol",,2022,22930823,Uncategorized,2022-04-21 03:42:38,
PVCC 8940,The Fall,This Nation's Saving Grace,PVC Records,"Cass, Album",,1985,1740439,Uncategorized,2021-12-12 12:36:10,
PVCC 9903,Foetus,Hole,"PVC Records, Self Immolation, ZE Records","Cass, Album, C90",,1984,1223943,Uncategorized,2022-03-30 15:12:38,
PCH002CS,Devata Daun,Look,Pytch Records,"Cass, Album, Yel",,2016,8524717,Uncategorized,2016-05-15 21:14:34,
HTCT 9913,Various,Radikal Techno Volume 2,Radikal Records,"Cass, Comp",,1992,7575279,Uncategorized,2022-07-16 14:44:21,
9582-4-H,The Fall,I Am Kurious Oranj,RCA,"Cass, Album",,1988,1741424,Uncategorized,2022-10-03 14:47:30,
9807-4-H,The Fall,Seminal Live,RCA,"Cass, Album, Dol",,1989,1560084,Uncategorized,2022-10-03 14:47:01,
6987-4-H,The Fall,The Frenz Experiment,"RCA, BMG, Beggars Banquet","Cass, Album, Dol",,1988,3481290,Uncategorized,2021-12-12 12:35:11,
RR7154,Death (2),The Sound Of Perseverance,Relapse Records,"Cass, Album, RE, Whi",,2021,20173969,Uncategorized,2022-08-26 06:52:40,
RR7165,Death (2),Human,Relapse Records,"Cass, Album, RE, Whi",,2021,20173915,Uncategorized,2021-11-13 14:01:13,
RR7171,Death (2),Individual Thought Patterns,Relapse Records,"Cass, Album, RE, Whi",,2021,20184391,Uncategorized,2022-08-26 06:52:59,
RR7194,Death (2),Spiritual Healing,Relapse Records,"Cass, Album, RE, Whi",,2021,20173891,Uncategorized,2022-08-26 06:53:18,
RR7228,Death (2),Leprosy ,Relapse Records,"Cass, Album, RE, Whi",,2021,20173807,Uncategorized,2022-08-26 06:53:39,
RR7324,Death (2),Scream Bloody Gore,Relapse Records,"Cass, Album, RE, Whi",,2021,20173765,Uncategorized,2022-08-26 06:52:05,
RR7454,Genghis Tron,Dream Weapon,Relapse Records,"Cass, Album, Blu",,2021,18344374,Uncategorized,2021-11-13 14:05:45,
RR7508,Obituary,Slowly We Rot - Live & Rotting,"Relapse Records, Gibtown Records","Cass, Album",,2022,24337103,Uncategorized,2022-08-27 21:02:41,
RR7509,Obituary,Cause Of Death - Live Infection,"Relapse Records, Gibtown Records","Cass, Album",,2022,24337082,Uncategorized,2022-08-27 20:56:14,
88561-1087-4,Godflesh,Pure,Relativity,"Cass, Album",,1992,1714822,Uncategorized,2015-08-27 16:29:00,
88561-1112-4,Scorn,Vae Solis,Relativity,"Cass, Album",,1992,3446796,Uncategorized,2022-03-29 18:23:52,
9 46923-4,Orgy,Candyass,"Reprise Records, Elementree Records","Cass, Album",,1998,10948311,Uncategorized,2022-09-23 19:15:22,
RR 9105-4,Various,At Death's Door II,Roadrunner Records,"Cass, Comp",,1993,728149,Uncategorized,2022-07-16 14:44:21,
KG-0980791,Obituary,Cause Of Death,"Roadrunner Records, Roadracer Records","Cass, Album",,1991,11086944,Uncategorized,2022-10-03 14:44:10,
KG-0980791,Obituary,Cause Of Death,"Roadrunner Records, Roadracer Records","Cass, Album",,1991,11086944,Uncategorized,2022-10-03 14:44:12,
ROTTED11,Phobophilic,Undimensioned Identities,Rotted Life,"Cass, EP",,2019,14265286,Uncategorized,2022-11-16 06:42:56,
ROTTED43,Phobophilic,Enveloping Absurdity,Rotted Life,"Cass, Album, Ltd, Bla",,2022,24621182,Uncategorized,2022-09-24 15:39:48,
ROTTEN 003,Gorguts,Considered Dead,Rotten Carnage Records,"Cass, Ltd, Unofficial, Pic",,2021,20659660,Uncategorized,2021-11-13 14:17:19,
825 094-4 Y-1,Blind Faith (2),Blind Faith,RSO,"Cass, Album, RE",,0,4516202,Uncategorized,2022-10-25 19:16:51,
SCORN CS 1,Scorn,Ellipsis,Scorn Recordings,"Cass, Album",,1995,1340225,Uncategorized,2022-09-08 14:58:25,
SVR MC 029,Black Curse (2),Endless Wound,Sepulchral Voice Records,"Cass, Album",,2020,16948623,Uncategorized,2021-11-13 14:26:17,
"9 25799-4, 4-25799",Ministry,The Land Of Rape And Honey,"Sire, Sire","Cass, Album, SR,",,1988,2755138,Uncategorized,2021-11-13 14:25:52,
9 26727-4,Ministry,ΚΕΦΑΛΗΞΘ,"Sire, Warner Bros. Records","Cass, Album",,1992,4675070,Uncategorized,2015-08-06 22:46:45,
WOMB FIP 5C,Foetus,Thaw,"Some Bizzare, Self Immolation","Cass, Album",,1988,2415426,Uncategorized,2022-03-29 18:23:52,
SSR132C,Mayhem,Wolf's Lair Abyss,Soulseller Records,"Cass, Ltd, RE",,2019,13856715,Uncategorized,2022-09-18 09:58:03,
 SBH-009,Antichrist Siege Machine,Morbid Triumph,Stygian Black Hand,"Cass, EP",,2022,24621434,Uncategorized,2022-09-24 15:44:59,
SBH-019,Antichrist Siege Machine,Schism Perpetration,Stygian Black Hand,"Cass, Album",,2019,23805467,Uncategorized,2022-07-06 14:54:16,
SBH-048,Bog Body,Cryonic Crevasse Cult,Stygian Black Hand,"Cass, Album",,2022,23585339,Uncategorized,2022-06-20 15:45:58,
TMC 9188,Front Line Assembly,Tactical Neural Implant,Third Mind Records,"Cass, Album",,1992,340962,Uncategorized,2022-03-29 18:23:52,
THRILL 583,The Soft Pink Truth,Was It Ever Real?,Thrill Jockey,"Cass, Single",,2022,24279632,Uncategorized,2022-08-24 14:47:26,
TE159,Strange Relations (2),Going Out,Tiny Engines,"Cass, EP, Ltd",,2016,11052409,Uncategorized,2022-04-18 19:47:31,
none,Fossilization,He Whose Name Was Long Forgotten,Transylvanian Recordings,"Cass, EP, Yel",,2021,19206205,Uncategorized,2021-11-13 14:19:16,
none,Shrouded Infinity,Through Caverns Unknown,Transylvanian Recordings,"Cass, EP",,2022,22869146,Uncategorized,2022-07-13 19:15:26,
"TVT 2610-4, TVT 2610",Nine Inch Nails,Pretty Hate Machine,"TVT Records, TVT Records","Cass, Album",,1989,1339605,Uncategorized,2021-11-13 14:18:31,
TVT 7089,My Life With The Thrill Kill Kult,Confessions Of A Knife...,"TVT Records, Wax Trax! Records","Cass, Album, RE",,1990,4394531,Uncategorized,2022-04-21 14:07:55,
W.T.C.179,Abigor,Höllenzwang - Chronicles Of Perdition,W.T.C. Productions,"Cass, Album, Ltd",,2019,13747334,Uncategorized,2022-09-06 17:17:26,
"9 48267-4, HWO 5776",Linkin Park,Hybrid Theory,Warner Bros. Records,"Cass, Album, S/Edition",,2002,4437520,Uncategorized,2022-10-03 14:44:27,
W4 26316,Angelo Badalamenti,Soundtrack From Twin Peaks,Warner Bros. Records,"Cass, Album, Club",,1990,8464802,Uncategorized,2022-04-21 14:07:55,
"9 26004-4, 4-26004",Ministry,The Mind Is A Terrible Thing To Taste,"Warner Bros. Records, Sire","Cass, Album, SR,",,1989,979059,Uncategorized,2015-08-20 19:55:20,
"9362 48326-4, HWO 5800",Linkin Park,Reanimation,"Warner Bros. Records, Warner Bros. Records","Cass, Album",,2002,4239013,Uncategorized,2022-09-23 19:14:41,
WAX 7094,Clock DVA,Buried Dreams,Wax Trax! Records,"Cass, Album",,1990,1270989,Uncategorized,2022-03-28 17:00:59,
WAX CS 7177,KMFDM,Money,Wax Trax! Records,"Cass, Album, CrO",,1992,824901,Uncategorized,2022-02-01 04:58:03,
WAXCS 054,Front 242,Front By Front,Wax Trax! Records,"Cass, Album, Pla",,1988,1224562,Uncategorized,2022-04-21 14:07:55,
WAXCS 7146,Front Line Assembly,Caustic Grip,Wax Trax! Records,"Cass, Album, CrO",,1990,1262109,Uncategorized,2022-04-21 14:07:55,
WAXCS 8144,Coil,The Snow EP,Wax Trax! Records,"Cass, EP, CrO",,1991,1340222,Uncategorized,2022-04-12 15:12:14,
TVT 7202-4,KMFDM,Angst,"Wax Trax! Records, TVT Records","Cass, Album, SR,",,1993,824787,Uncategorized,2015-08-20 19:56:10,
TVT 7213-4,KMFDM,Naïve (Hell To Go),"Wax Trax! Records, TVT Records","Cass, Album, SR",,1993,824910,Uncategorized,2022-03-29 18:19:36,
TVT 7242-4,KMFDM,Xtort,"Wax Trax! Records, TVT Records","Cass, Album",,1996,824701,Uncategorized,2022-03-23 13:43:25,
TVT 7245-4,KMFDM,Symbols,"Wax Trax! Records, TVT Records","Cass, Album",,1997,824623,Uncategorized,2022-03-23 13:42:45,
TVT 7199-4,KMFDM,Nihil,"Wax Trax! Records, TVT Records, KMFDM Enterprises","Cass, Album, SR",,1995,824697,Uncategorized,2015-08-18 18:59:41,
WV 072,Nadja (5),Labyrinthine 如​迷​宮,WV Sorcerer Productions,"Cass, Album, Ltd",,2022,24706742,Uncategorized,2022-10-03 14:39:41,
